"타임스탬프","1. 교내 행사에 자주 참여하는 편입니까?","2. 가장 관심이 많거나 자주 이용하는 교내 행사는 무엇입니까?","3. 교내 행사(세미나,  동아리 공연, 설명회, 강연) 정보를  주로 접하는 경로는 어디입니까?","4. 3에서 응답한 경로를 자주 사용하는 이유는 무엇입니까?","5. 3에서 응답한 경로를 사용하면서 느낀 불편함이 있습니까?","5 - 1. ‘예’에 답하셨다면 불편한 점은 무엇이었습니까? "
"2019/03/31 3:19:22 오전 GMT","관심이 많으며 자주 참여하는 편이다.","세미나/강연/특강","이메일;오프라인 홍보물  (포스터, 현수막, 전단지)","가장 자주 접할 수 있어서","예, 불편한 점이 있습니다.","나중에 다시 기억해서 실제 행사를 가려고 하면 다시 그 공지를 찾아야 한다는 단점이 있습니다. "
"2019/03/31 3:19:29 오전 GMT","관심은 있으나 어떤 행사가 있는지 잘 모른다.","동아리 공연","교내 온라인 커뮤니티 (에브리타임, 스누라이프)","쉬워서","아니오, 불편한 점이 없습니다.",""
"2019/03/31 3:22:11 오전 GMT","아예 관심이 없다.","동아리 공연","SNS  (페이스북, 인스타그램)","가장 많이 사용해서","예, 불편한 점이 있습니다.","지인들 홍보물만 볼 수 있음~"
"2019/03/31 3:26:49 오전 GMT","관심은 있으나 어떤 행사가 있는지 잘 모른다.","세미나/강연/특강","오프라인 홍보물  (포스터, 현수막, 전단지);SNS  (페이스북, 인스타그램)","별 노력없이 정보를 접할 수 있어서요!","아니오, 불편한 점이 없습니다.",""
"2019/03/31 3:28:14 오전 GMT","관심은 있으며 가끔 참여한다.","설명회 (취업, 입학, 교환학생 등)","친구 (선택이 안되네)","친구가 알려줘서","아니오, 불편한 점이 없습니다.",""
"2019/03/31 3:28:28 오전 GMT","관심은 있으나 어떤 행사가 있는지 잘 모른다.","설명회 (취업, 입학, 교환학생 등)","친구","잘몰라서","예, 불편한 점이 있습니다.","친구가모르면 나도모른다"
"2019/03/31 3:30:09 오전 GMT","관심은 있으나 어떤 행사가 있는지 잘 모른다.","세미나/강연/특강","오프라인 홍보물  (포스터, 현수막, 전단지);친구","직접 적극적으로 나서지 않아도 정보를 접할 수 있다","예, 불편한 점이 있습니다.","정보가 제한적이다"
"2019/03/31 3:30:57 오전 GMT","관심은 있으며 가끔 참여한다.","세미나/강연/특강","이메일","그냥?","예, 불편한 점이 있습니다.","확인하기매우귀찮고내관심사랑다른분야가많음"
"2019/03/31 3:31:55 오전 GMT","관심은 있으며 가끔 참여한다.","설명회 (취업, 입학, 교환학생 등)","오프라인 홍보물  (포스터, 현수막, 전단지)","전공 강의실 근처에 자주 보여서","아니오, 불편한 점이 없습니다.",""
"2019/03/31 3:33:45 오전 GMT","관심은 있으나 어떤 행사가 있는지 잘 모른다.","동아리 공연","SNS  (페이스북, 인스타그램)","자주보임","아니오, 불편한 점이 없습니다.",""
"2019/03/31 3:34:50 오전 GMT","관심은 있으며 가끔 참여한다.","설명회 (취업, 입학, 교환학생 등)","이메일","확인하기 쉽다","예, 불편한 점이 있습니다.","너무 다양한 게 와서 필터링이 안된다"
"2019/03/31 3:35:09 오전 GMT","관심은 있으나 어떤 행사가 있는지 잘 모른다.","설명회 (취업, 입학, 교환학생 등)","이메일;SNS  (페이스북, 인스타그램)","그냥 원래 써서","아니오, 불편한 점이 없습니다.",""
"2019/03/31 3:36:16 오전 GMT","관심은 있으며 가끔 참여한다.","세미나/강연/특강","이메일","다양한 단체에서 메일을 많이 보내서","예, 불편한 점이 있습니다.","너무 많은 단체ㅢ 메일이 구분이 쉽지 않은 상태로 많이 쌓임
"
"2019/03/31 3:37:52 오전 GMT","관심은 있으나 어떤 행사가 있는지 잘 모른다.","세미나/강연/특강","이메일;오프라인 홍보물  (포스터, 현수막, 전단지)","내가 노력 안 해도 보여서","예, 불편한 점이 있습니다.","어떤게 있고 내 일정이랑 맞추는게 귀찮음"
"2019/03/31 3:39:57 오전 GMT","관심은 있으나 어떤 행사가 있는지 잘 모른다.","세미나/강연/특강","친구","다양한 행사 정보를 한눈에 보기 어렵습니다","예, 불편한 점이 있습니다.","친구들에게 의존하다보니 진짜 좋은 강연이나 관심있는 행사를 놓치게 되는 경우가 많습니다."
"2019/03/31 3:40:50 오전 GMT","관심은 있으나 어떤 행사가 있는지 잘 모른다.","세미나/강연/특강","SNS  (페이스북, 인스타그램);과 학생회 문자","틀면 보여서","아니오, 불편한 점이 없습니다.",""
"2019/03/31 3:41:25 오전 GMT","관심은 있으나 어떤 행사가 있는지 잘 모른다.","동아리 공연","오프라인 홍보물  (포스터, 현수막, 전단지);SNS  (페이스북, 인스타그램)","접근성이 좋아서","예, 불편한 점이 있습니다.","원할 때 검색하기가 힘듭니다"
"2019/03/31 3:41:58 오전 GMT","관심은 있으며 가끔 참여한다.","세미나/강연/특강","이메일","접근성이 용이하니깐","아니오, 불편한 점이 없습니다.",""
"2019/03/31 3:44:32 오전 GMT","관심은 있으며 가끔 참여한다.","동아리 공연","SNS  (페이스북, 인스타그램)","접근성","아니오, 불편한 점이 없습니다.",""
"2019/03/31 3:46:18 오전 GMT","관심은 있으나 어떤 행사가 있는지 잘 모른다.","설명회 (취업, 입학, 교환학생 등)","오프라인 홍보물  (포스터, 현수막, 전단지)","캠퍼스 곳곳 부착","아니오, 불편한 점이 없습니다.",""
"2019/03/31 3:46:23 오전 GMT","아예 관심이 없다.","ㅎㅎ","ㅎㅎ","ㅎㅎ","아니오, 불편한 점이 없습니다.","ㅎㅎ"
"2019/03/31 3:48:17 오전 GMT","관심은 있으나 어떤 행사가 있는지 잘 모른다.","설명회 (취업, 입학, 교환학생 등)","이메일;교내 온라인 커뮤니티 (에브리타임, 스누라이프)","접근성이 높아서","아니오, 불편한 점이 없습니다.",""
"2019/03/31 3:48:17 오전 GMT","관심은 있으나 어떤 행사가 있는지 잘 모른다.","세미나/강연/특강","오프라인 홍보물  (포스터, 현수막, 전단지);SNS  (페이스북, 인스타그램)","잘 보여서","아니오, 불편한 점이 없습니다.",""
"2019/03/31 3:50:58 오전 GMT","관심은 있으며 가끔 참여한다.","세미나/강연/특강","이메일;오프라인 홍보물  (포스터, 현수막, 전단지)","가장 접근성이 용이하기 때문","예, 불편한 점이 있습니다.","제한된 경로라고 생각되어서"
"2019/03/31 3:56:21 오전 GMT","관심은 있으며 가끔 참여한다.","동아리 공연","이메일;친구","유용한 정보가 많아서","아니오, 불편한 점이 없습니다.",""
"2019/03/31 3:58:59 오전 GMT","관심은 있으며 가끔 참여한다.","동아리 공연","오프라인 홍보물  (포스터, 현수막, 전단지);SNS  (페이스북, 인스타그램);친구","일부러 찾아보진 않으니까","아니오, 불편한 점이 없습니다.",""
"2019/03/31 4:00:52 오전 GMT","관심은 있으나 어떤 행사가 있는지 잘 모른다.","설명회 (취업, 입학, 교환학생 등)","이메일","정기적인 메일 확인","예, 불편한 점이 있습니다.","뒤늦은 확인"
"2019/03/31 4:05:28 오전 GMT","관심은 있으며 가끔 참여한다.","설명회 (취업, 입학, 교환학생 등)","오프라인 홍보물  (포스터, 현수막, 전단지);친구;마이스누 게시판","자주 접하다 보니 자연스럽게 이용하게 된다","아니오, 불편한 점이 없습니다.",""
"2019/03/31 4:07:33 오전 GMT","관심은 있으며 가끔 참여한다.","설명회 (취업, 입학, 교환학생 등)","오프라인 홍보물  (포스터, 현수막, 전단지)","우연한 기회에 알게 되는 경우가 많다","예, 불편한 점이 있습니다.","알고보니 시기를 놓친 경우가 종종 있다"
"2019/03/31 4:19:49 오전 GMT","아예 관심이 없다.","설명회 (취업, 입학, 교환학생 등)","SNS  (페이스북, 인스타그램)","따로 찾아보지 않아도 타임라인에 나와서","아니오, 불편한 점이 없습니다.",""
"2019/03/31 4:27:10 오전 GMT","관심은 있으며 가끔 참여한다.","세미나/강연/특강","오프라인 홍보물  (포스터, 현수막, 전단지);SNS  (페이스북, 인스타그램)","자주 접해서","아니오, 불편한 점이 없습니다.",""
"2019/03/31 4:29:35 오전 GMT","아예 관심이 없다.","동아리 공연","SNS  (페이스북, 인스타그램)","기존에 내게 있는 채널이고 내가 따로 찾을 필요 없이 나에게 정보가 뜨니까.","아니오, 불편한 점이 없습니다.",""
"2019/03/31 4:30:00 오전 GMT","관심은 있으며 가끔 참여한다.","동아리 공연","이메일;오프라인 홍보물  (포스터, 현수막, 전단지)","지나다니다 자연스레 눈에 들어와서","아니오, 불편한 점이 없습니다.",""
"2019/03/31 4:41:28 오전 GMT","관심은 있으나 어떤 행사가 있는지 잘 모른다.","동아리 공연","SNS  (페이스북, 인스타그램);친구","보여서","아니오, 불편한 점이 없습니다.",""
"2019/03/31 4:47:47 오전 GMT","관심은 있으며 가끔 참여한다.","동아리 공연","SNS  (페이스북, 인스타그램)","편해서","아니오, 불편한 점이 없습니다.",""
"2019/03/31 4:49:35 오전 GMT","관심은 있으나 어떤 행사가 있는지 잘 모른다.","동아리 공연","교내 온라인 커뮤니티 (에브리타임, 스누라이프)","편해서","아니오, 불편한 점이 없습니다.",""
"2019/03/31 4:55:43 오전 GMT","아예 관심이 없다.","설명회 (취업, 입학, 교환학생 등)","SNS  (페이스북, 인스타그램)","잘 보이기 때문이다","예, 불편한 점이 있습니다.","Sns룰 사용하지 않을때는 알 수가 없다"
"2019/03/31 4:56:58 오전 GMT","관심은 있으나 어떤 행사가 있는지 잘 모른다.","설명회 (취업, 입학, 교환학생 등)","오프라인 홍보물  (포스터, 현수막, 전단지)","몰라요","아니오, 불편한 점이 없습니다.",""
"2019/03/31 4:58:19 오전 GMT","관심은 있으나 어떤 행사가 있는지 잘 모른다.","동아리 공연","이메일","어쩌다 봄","아니오, 불편한 점이 없습니다.",""
"2019/03/31 5:05:05 오전 GMT","아예 관심이 없다.","없음","친구","친구가 알려주거나, 대화하다가 알게됩니다","아니오, 불편한 점이 없습니다.",""
"2019/03/31 5:08:22 오전 GMT","관심은 있으며 가끔 참여한다.","동아리 공연","오프라인 홍보물  (포스터, 현수막, 전단지);친구","자주 접해서","아니오, 불편한 점이 없습니다.",""
"2019/03/31 5:25:48 오전 GMT","관심은 있으며 가끔 참여한다.","동아리 공연","이메일;SNS  (페이스북, 인스타그램)","접근성이 제일 좋다","아니오, 불편한 점이 없습니다.",""
"2019/03/31 5:34:55 오전 GMT","아예 관심이 없다.","동아리 공연","오프라인 홍보물  (포스터, 현수막, 전단지)","이메일 sns 커뮤니티 안 하고 강의실 지나다니면서 포스터나 현수막은 잘 보는편이에요","아니오, 불편한 점이 없습니다.",""
"2019/03/31 7:01:31 오전 GMT","관심은 있으나 어떤 행사가 있는지 잘 모른다.","동아리 공연","SNS  (페이스북, 인스타그램)","원래 평상시에 수시로 SNS를 체크하는 습관이있어요 ","아니오, 불편한 점이 없습니다.",""
"2019/03/31 7:03:44 오전 GMT","관심은 있으며 가끔 참여한다.","세미나/강연/특강","이메일","시간이 지나도 사라지지 않고 전체를 확인할 수 있어서","예, 불편한 점이 있습니다.","제때 못 봐 놓칠 수 있다는 것"
"2019/03/31 7:24:05 오전 GMT","관심이 많으며 자주 참여하는 편이다.","세미나/강연/특강","이메일","정확하고 자세한 정보를 얻을 수 있다","예, 불편한 점이 있습니다.","메일 하나 하나 찾아봐야 하는 번거로움이 있다"
"2019/03/31 7:25:38 오전 GMT","관심은 있으며 가끔 참여한다.","세미나/강연/특강","이메일","접근하기 쉬워서","예, 불편한 점이 있습니다.","너무 무작위로 온다는 점"
"2019/03/31 7:32:58 오전 GMT","관심은 있으며 가끔 참여한다.","동아리 공연","오프라인 홍보물  (포스터, 현수막, 전단지);SNS  (페이스북, 인스타그램);친구","핸드폰을 쓰기 때문","아니오, 불편한 점이 없습니다.",""
"2019/03/31 7:36:47 오전 GMT","관심은 있으나 어떤 행사가 있는지 잘 모른다.","세미나/강연/특강","이메일;교내 온라인 커뮤니티 (에브리타임, 스누라이프)","정보 획득을 위해","예, 불편한 점이 있습니다.","불필요한 정보가 너무 많다"
"2019/03/31 8:17:25 오전 GMT","관심은 있으며 가끔 참여한다.","세미나/강연/특강","이메일;오프라인 홍보물  (포스터, 현수막, 전단지)","접근성 용이","아니오, 불편한 점이 없습니다.",""
"2019/03/31 8:18:10 오전 GMT","아예 관심이 없다.","설명회 (취업, 입학, 교환학생 등)","친구","다른것에는 관심이 없어서","아니오, 불편한 점이 없습니다.",""
"2019/03/31 8:20:58 오전 GMT","아예 관심이 없다.","설명회 (취업, 입학, 교환학생 등)","이메일","가장 많이보니까","예, 불편한 점이 있습니다.","스펨이 많음"
"2019/03/31 8:40:24 오전 GMT","관심은 있으나 어떤 행사가 있는지 잘 모른다.","세미나/강연/특강","오프라인 홍보물  (포스터, 현수막, 전단지)","굳이 찾아보지 않아도 볼 수 있어서","아니오, 불편한 점이 없습니다.",""
"2019/03/31 9:01:06 오전 GMT","관심은 있으며 가끔 참여한다.","세미나/강연/특강","이메일;오프라인 홍보물  (포스터, 현수막, 전단지)","가장 접근성이 좋아서","예, 불편한 점이 있습니다.","학교 이메일이 너무 많이 와요..."
"2019/03/31 9:09:29 오전 GMT","아예 관심이 없다.","세미나/강연/특강","오프라인 홍보물  (포스터, 현수막, 전단지);SNS  (페이스북, 인스타그램)","많이 볼 수 있으니까","아니오, 불편한 점이 없습니다.",""
"2019/03/31 9:24:55 오전 GMT","관심은 있으나 어떤 행사가 있는지 잘 모른다.","세미나/강연/특강","오프라인 홍보물  (포스터, 현수막, 전단지)","SNS나 커뮤니티를 거의 이용하지않아서","아니오, 불편한 점이 없습니다.",""
"2019/03/31 12:51:30 오후 GMT","관심은 있으며 가끔 참여한다.","설명회 (취업, 입학, 교환학생 등)","이메일;오프라인 홍보물  (포스터, 현수막, 전단지)","메일을 자주 확인하는 편입니다","아니오, 불편한 점이 없습니다.",""
"2019/04/01 1:05:02 오전 GMT","관심은 있으나 어떤 행사가 있는지 잘 모른다.","동아리 공연","SNS  (페이스북, 인스타그램)","따로 알아보지 않아도 자연스럽게 접함","예, 불편한 점이 있습니다.","내가 선택한(팔로우한) 정보만 접할수있다. 그 sns를 주로 사용하지 않으면 잘 모를 수 있다. "
"2019/04/01 1:08:50 오전 GMT","관심은 있으며 가끔 참여한다.","동아리 공연","오프라인 홍보물  (포스터, 현수막, 전단지)","잘 보이기 때문입니다.","예, 불편한 점이 있습니다.","오프라인 홍보물들이 제대로 처리되지 못한 경우가 많았고, 들고 다니기 번거로울 때도 많았습니다."
"2019/04/01 1:09:48 오전 GMT","관심은 있으나 어떤 행사가 있는지 잘 모른다.","동아리 공연","오프라인 홍보물  (포스터, 현수막, 전단지);친구","왜그럴까요?","예, 불편한 점이 있습니다.","필요한것만 알기 어렵고 관심을 가지고 있어야한다"
"2019/04/01 1:10:22 오전 GMT","관심은 있으나 어떤 행사가 있는지 잘 모른다.","동아리 공연","교내 온라인 커뮤니티 (에브리타임, 스누라이프)","마이스누!","예, 불편한 점이 있습니다.","사이트에 들어가야알 수 있당 힝구"
"2019/04/02 10:22:28 오전 GMT","관심은 있으며 가끔 참여한다.","동아리 공연","오프라인 홍보물  (포스터, 현수막, 전단지);친구","SNS를 자주 하지 않아서 오프라인을 통해 주로 접해왔다.","아니오, 불편한 점이 없습니다.",""
"2019/04/02 10:27:15 오전 GMT","관심은 있으며 가끔 참여한다.","세미나/강연/특강","오프라인 홍보물  (포스터, 현수막, 전단지);SNS  (페이스북, 인스타그램)","휴대폰을 자주보고 학교에서 생활해서!","아니오, 불편한 점이 없습니다.",""
"2019/04/02 10:38:17 오전 GMT","관심은 있으며 가끔 참여한다.","동아리 공연","오프라인 홍보물  (포스터, 현수막, 전단지)","길가다가 보여서 접하기 쉬워요!!","아니오, 불편한 점이 없습니다.",""
"2019/04/02 10:48:52 오전 GMT","관심은 있으나 어떤 행사가 있는지 잘 모른다.","동아리 공연","오프라인 홍보물  (포스터, 현수막, 전단지);SNS  (페이스북, 인스타그램)","접근하기 쉽기 때문이다","아니오, 불편한 점이 없습니다.",""
"2019/04/02 11:02:01 오전 GMT","관심은 있으며 가끔 참여한다.","동아리 공연","SNS  (페이스북, 인스타그램);친구","접근성이 좋아서","아니오, 불편한 점이 없습니다.",""
"2019/04/02 11:09:47 오전 GMT","관심은 있으나 어떤 행사가 있는지 잘 모른다.","세미나/강연/특강","오프라인 홍보물  (포스터, 현수막, 전단지)","지나가다 볼수밖에없어서..!","아니오, 불편한 점이 없습니다.",""
"2019/04/02 11:13:43 오전 GMT","관심은 있으며 가끔 참여한다.","동아리 공연","오프라인 홍보물  (포스터, 현수막, 전단지);SNS  (페이스북, 인스타그램);친구","자주보여서","예, 불편한 점이 있습니다.","자세한 정보 제공 x"
"2019/04/02 11:39:49 오전 GMT","관심은 있으며 가끔 참여한다.","세미나/강연/특강","오프라인 홍보물  (포스터, 현수막, 전단지)","수업 이동 중에 자주 보여서","아니오, 불편한 점이 없습니다.",""
"2019/04/02 10:11:48 오후 GMT","관심이 많으며 자주 참여하는 편이다.","동아리 공연","오프라인 홍보물  (포스터, 현수막, 전단지);SNS  (페이스북, 인스타그램);마이스누","정보가 모여있어서","아니오, 불편한 점이 없습니다.",""
"2019/04/03 12:10:22 오전 GMT","관심은 있으며 가끔 참여한다.","설명회 (취업, 입학, 교환학생 등)","오프라인 홍보물  (포스터, 현수막, 전단지);SNS  (페이스북, 인스타그램);교내 온라인 커뮤니티 (에브리타임, 스누라이프)","제일 잘 보인다","아니오, 불편한 점이 없습니다.",""
"2019/04/03 1:47:11 오전 GMT","아예 관심이 없다.","동아리 공연","SNS  (페이스북, 인스타그램)","카톡으로 정보가 옴","예, 불편한 점이 있습니다.","정리해서 보기가 힘들다"
"2019/04/03 1:52:37 오전 GMT","관심은 있으며 가끔 참여한다.","세미나/강연/특강","오프라인 홍보물  (포스터, 현수막, 전단지)","다른 경로로는 의식적으로 찾아서 보지 않아서","예, 불편한 점이 있습니다.","제한된 정보"
"2019/04/03 1:53:01 오전 GMT","관심은 있으나 어떤 행사가 있는지 잘 모른다.","동아리 공연","오프라인 홍보물  (포스터, 현수막, 전단지);친구","학교를 돌아다니다 보면 여러군데 붙어있는 오프라인 홍보물이 무의식적으로 각인되는 것 같다","예, 불편한 점이 있습니다.","뭐가 있었다고 기억은 하는데, 학교에 동아리나 모임이 많다보니까 정확히 뭐였고 어디서 하는 공연인지 기억이 안나서 찾아보기가 힘들 때가 있다"
"2019/04/03 1:54:58 오전 GMT","관심은 있으나 어떤 행사가 있는지 잘 모른다.","동아리 공연","오프라인 홍보물  (포스터, 현수막, 전단지)","일부러 찾아보지 않아도 보여서","아니오, 불편한 점이 없습니다.",""
"2019/04/03 2:00:20 오전 GMT","관심은 있으며 가끔 참여한다.","동아리 공연","SNS  (페이스북, 인스타그램);친구","아는 사람이 해당 행사에 참여하기 때문에 참석하는 경우가 잦음","아니오, 불편한 점이 없습니다.",""
"2019/04/03 2:02:18 오전 GMT","관심은 있으며 가끔 참여한다.","동아리 공연","SNS  (페이스북, 인스타그램)","그냥 보여서","아니오, 불편한 점이 없습니다.",""
"2019/04/03 2:02:53 오전 GMT","관심은 있으며 가끔 참여한다.","축제","오프라인 홍보물  (포스터, 현수막, 전단지);SNS  (페이스북, 인스타그램)","별다른 노력없이 접해져서","아니오, 불편한 점이 없습니다.",""
"2019/04/03 2:14:26 오전 GMT","관심은 있으며 가끔 참여한다.","세미나/강연/특강","이메일","꼬박꼬박 알려줘서","아니오, 불편한 점이 없습니다.",""
"2019/04/03 2:38:11 오전 GMT","아예 관심이 없다.","세미나/강연/특강","오프라인 홍보물  (포스터, 현수막, 전단지)","친구가 없어서","아니오, 불편한 점이 없습니다.",""
"2019/04/04 7:11:18 오전 GMT","관심은 있으며 가끔 참여한다.","세미나/강연/특강","교내 온라인 커뮤니티 (에브리타임, 스누라이프)","접근성","아니오, 불편한 점이 없습니다.",""
"2019/04/10 2:54:06 오후 GMT","아예 관심이 없다.","세미나/강연/특강","이메일;오프라인 홍보물  (포스터, 현수막, 전단지)","그냥 평소 sns 나 커뮤니티를 안하고, 다른 걸 하다가(메일 확인, 길 걷다가) 우연히 접하게 되는 경우가 많음","예, 불편한 점이 있습니다.","우연히 접하게 되다보니 체계적이지 않음"